"Posição","Nome","Localidade","1999","2000","2001","2002","2003","2004","2005","2006","2007","2008","2009","2010","2011","2012","2013","2014","2015","Unidade","Multiplicador"
"1","PIB a preços correntes",,,,,,,,,,,,,,,,,,,"",""
"1.1","Série revisada","Abaiara",,,,,,,,,,,,"36543","50943","43079","50468","64718.03","64191.83","R$",1000
"1.1","Série revisada","Acarape",,,,,,,,,,,,"65662","78626","80292","102164","114160.73","115540.96","R$",1000
"1.1","Série revisada","Acaraú",,,,,,,,,,,,"327756","388168","415815","467824","523628.93","556838.55","R$",1000
"1.1","Série revisada","Acopiara",,,,,,,,,,,,"213402","257300","262793","287937","334997.36","348565.54","R$",1000
"1.1","Série revisada","Aiuaba",,,,,,,,,,,,"51656","72017","67267","78557","93440.19","106001.91","R$",1000
"1.1","Série revisada","Alcântaras",,,,,,,,,,,,"37015","45163","45214","47742","59834.18","59221.11","R$",1000
"1.1","Série revisada","Altaneira",,,,,,,,,,,,"23342","28775","33982","37585","47453.66","43677.84","R$",1000
"1.1","Série revisada","Alto Santo",,,,,,,,,,,,"80559","86327","86036","105060","125513.88","129324.35","R$",1000
"1.1","Série revisada","Amontada",,,,,,,,,,,,"240831","298074","288676","285779","366321.49","318872.49","R$",1000
"1.1","Série revisada","Antonina do Norte",,,,,,,,,,,,"28053","33422","36463","41968","48522.10","47830.58","R$",1000
"1.1","Série revisada","Apuiarés",,,,,,,,,,,,"49057","55136","56220","66228","79514.27","86829.77","R$",1000
"1.1","Série revisada","Aquiraz",,,,,,,,,,,,"768348","877881","1087571","1548885","1651350.76","1826728.25","R$",1000
"1.1","Série revisada","Aracati",,,,,,,,,,,,"577081","709558","871921","990305","1084381.30","1162089.54","R$",1000
"1.1","Série revisada","Aracoiaba",,,,,,,,,,,,"98749","118202","119216","138521","161504.06","175653.77","R$",1000
"1.1","Série revisada","Ararendá",,,,,,,,,,,,"35048","44552","43566","47808","57693.15","60504.19","R$",1000
"1.1","Série revisada","Araripe",,,,,,,,,,,,"85919","99439","100588","121403","155186.36","150208.24","R$",1000
"1.1","Série revisada","Aratuba",,,,,,,,,,,,"68739","70954","70845","65219","82423.07","83579.56","R$",1000
"1.1","Série revisada","Arneiroz",,,,,,,,,,,,"30506","35038","33532","35319","42165.08","46124.33","R$",1000
"1.1","Série revisada","Assaré",,,,,,,,,,,,"86370","112069","113185","141881","177457.44","161549.87","R$",1000
"1.1","Série revisada","Aurora",,,,,,,,,,,,"97152","130042","119568","137710","166862.98","169238.38","R$",1000
"1.1","Série revisada","Baixio",,,,,,,,,,,,"22268","26539","26517","31240","37478.25","39861.01","R$",1000
"1.1","Série revisada","Banabuiú",,,,,,,,,,,,"83348","106386","95090","108874","128003.89","135469.57","R$",1000
"1.1","Série revisada","Barbalha",,,,,,,,,,,,"464715","508696","590900","578694","728017.02","706554.95","R$",1000
"1.1","Série revisada","Barreira",,,,,,,,,,,,"79705","94907","142380","111136","124662.92","135434.37","R$",1000
"1.1","Série revisada","Barro",,,,,,,,,,,,"94975","99156","105250","121567","141029.39","148950.10","R$",1000
"1.1","Série revisada","Barroquinha",,,,,,,,,,,,"57700","66529","71780","78006","92031.79","97257.54","R$",1000
"1.1","Série revisada","Baturité",,,,,,,,,,,,"196688","223883","219063","237707","335146.22","327258.74","R$",1000
"1.1","Série revisada","Beberibe",,,,,,,,,,,,"328009","419741","428009","499228","581926.24","620405.97","R$",1000
"1.1","Série revisada","Bela Cruz",,,,,,,,,,,,"105038","125427","132879","150927","167162.00","186983.13","R$",1000
"1.1","Série revisada","Boa Viagem",,,,,,,,,,,,"230697","275148","206318","285693","337438.20","344982.97","R$",1000
"1.1","Série revisada","Brejo Santo",,,,,,,,,,,,"246828","315626","307111","334378","539086.49","582064.51","R$",1000
"1.1","Série revisada","Camocim",,,,,,,,,,,,"377211","399157","542984","450700","536578.28","544561.81","R$",1000
"1.1","Série revisada","Campos Sales",,,,,,,,,,,,"121510","142526","148208","171344","199452.30","198885.50","R$",1000
"1.1","Série revisada","Canindé",,,,,,,,,,,,"364415","431699","440712","458613","566151.01","615832.34","R$",1000
"1.1","Série revisada","Capistrano",,,,,,,,,,,,"69708","84911","78193","87922","111955.78","110800.97","R$",1000
"1.1","Série revisada","Caridade",,,,,,,,,,,,"71756","83329","80672","82660","101595.33","112167.83","R$",1000
"1.1","Série revisada","Cariré",,,,,,,,,,,,"68506","77109","78563","86581","99224.28","110720.29","R$",1000
"1.1","Série revisada","Caririaçu",,,,,,,,,,,,"100203","110101","110841","130863","155774.89","156435.10","R$",1000
"1.1","Série revisada","Cariús",,,,,,,,,,,,"67280","74999","69583","81832","107208.98","104098.57","R$",1000
"1.1","Série revisada","Carnaubal",,,,,,,,,,,,"63877","80335","80918","89526","102348.16","96701.20","R$",1000
"1.1","Série revisada","Cascavel",,,,,,,,,,,,"477434","521580","580004","640554","777587.65","822550.58","R$",1000
"1.1","Série revisada","Catarina",,,,,,,,,,,,"58323","65562","66068","77238","90472.07","98364.35","R$",1000
"1.1","Série revisada","Catunda",,,,,,,,,,,,"44941","62925","49841","62428","77222.19","75226.72","R$",1000
"1.1","Série revisada","Caucaia",,,,,,,,,,,,"2842606","3283060","3853817","4750602","5582491.36","5673367.60","R$",1000
"1.1","Série revisada","Cedro",,,,,,,,,,,,"104132","117748","123380","133563","166772.42","171238.26","R$",1000
"1.1","Série revisada","Chaval",,,,,,,,,,,,"47895","52678","58543","65653","73707.78","75693.58","R$",1000
"1.1","Série revisada","Choró",,,,,,,,,,,,"44039","54829","52844","58757","69800.31","70972.25","R$",1000
"1.1","Série revisada","Chorozinho",,,,,,,,,,,,"94614","102721","94109","111909","128138.79","131383.78","R$",1000
"1.1","Série revisada","Coreaú",,,,,,,,,,,,"80538","87186","92051","105188","119973.09","127572.70","R$",1000
"1.1","Série revisada","Crateús",,,,,,,,,,,,"379567","456132","441345","479661","618321.63","627196.52","R$",1000
"1.1","Série revisada","Crato",,,,,,,,,,,,"985410","1014068","1092835","1180605","1419549.49","1419535.69","R$",1000
"1.1","Série revisada","Croatá",,,,,,,,,,,,"68154","80077","75486","93684","100560.83","100700.07","R$",1000
"1.1","Série revisada","Cruz",,,,,,,,,,,,"92645","104786","112940","124806","143382.24","172772.43","R$",1000
"1.1","Série revisada","Deputado Irapuan Pinheiro",,,,,,,,,,,,"35968","43431","39802","47443","57295.64","59948.74","R$",1000
"1.1","Série revisada","Ererê",,,,,,,,,,,,"26419","29702","31184","35785","42872.74","45809.08","R$",1000
"1.1","Série revisada","Eusébio",,,,,,,,,,,,"1404071","1595088","1657810","2071769","2543038.15","2720598.25","R$",1000
"1.1","Série revisada","Farias Brito",,,,,,,,,,,,"75301","90282","92458","103446","197370.24","137058.60","R$",1000
"1.1","Série revisada","Forquilha",,,,,,,,,,,,"91466","101667","105708","115944","136769.97","151466.93","R$",1000
"1.1","Série revisada","Fortaleza",,,,,,,,,,,,"37001831","41394561","45775429","49758763","56116643.79","57246034.49","R$",1000
"1.1","Série revisada","Fortim",,,,,,,,,,,,"74667","92245","100038","117447","130697.68","141421.67","R$",1000
"1.1","Série revisada","Frecheirinha",,,,,,,,,,,,"64828","75604","76708","104417","157911.13","190100.19","R$",1000
"1.1","Série revisada","General Sampaio",,,,,,,,,,,,"28344","33334","33495","37793","43739.86","45619.55","R$",1000
"1.1","Série revisada","Graça",,,,,,,,,,,,"54293","57914","59906","64751","76852.05","81909.64","R$",1000
"1.1","Série revisada","Granja",,,,,,,,,,,,"185041","201240","200508","242140","284385.37","327663.47","R$",1000
"1.1","Série revisada","Granjeiro",,,,,,,,,,,,"18993","21540","24435","24620","31341.23","30247.33","R$",1000
"1.1","Série revisada","Groaíras",,,,,,,,,,,,"38000","42029","44675","52723","64077.01","67184.79","R$",1000
"1.1","Série revisada","Guaiúba",,,,,,,,,,,,"104479","113232","113369","135903","153782.02","160999.16","R$",1000
"1.1","Série revisada","Guaraciaba do Norte",,,,,,,,,,,,"208952","237684","233660","279721","319552.17","325717.00","R$",1000
"1.1","Série revisada","Guaramiranga",,,,,,,,,,,,"37854","43906","40677","44774","58574.40","50492.06","R$",1000
"1.1","Série revisada","Hidrolândia",,,,,,,,,,,,"80600","98399","96253","101944","114904.34","123976.22","R$",1000
"1.1","Série revisada","Horizonte",,,,,,,,,,,,"1146485","1206916","1141813","1195454","1405695.74","1286039.00","R$",1000
"1.1","Série revisada","Ibaretama",,,,,,,,,,,,"43905","63355","52687","57737","71206.87","75427.75","R$",1000
"1.1","Série revisada","Ibiapina",,,,,,,,,,,,"118604","133186","131469","172037","163510.44","162102.36","R$",1000
"1.1","Série revisada","Ibicuitinga",,,,,,,,,,,,"42790","54340","51857","60583","76099.52","82978.55","R$",1000
"1.1","Série revisada","Icapuí",,,,,,,,,,,,"152508","168308","193159","220357","248389.16","228148.61","R$",1000
"1.1","Série revisada","Icó",,,,,,,,,,,,"302016","339135","373109","416179","493235.70","562450.09","R$",1000
"1.1","Série revisada","Iguatu",,,,,,,,,,,,"884474","970552","1087847","1180314","1448551.03","1359056.15","R$",1000
"1.1","Série revisada","Independência",,,,,,,,,,,,"127140","160383","141414","159655","188707.70","187536.06","R$",1000
"1.1","Série revisada","Ipaporanga",,,,,,,,,,,,"36633","51720","44816","50505","69382.31","63723.98","R$",1000
"1.1","Série revisada","Ipaumirim",,,,,,,,,,,,"50313","62347","58802","67346","79034.86","81845.32","R$",1000
"1.1","Série revisada","Ipu",,,,,,,,,,,,"190443","223815","220979","261073","287922.98","314753.14","R$",1000
"1.1","Série revisada","Ipueiras",,,,,,,,,,,,"145214","164891","166193","187840","201861.67","210007.83","R$",1000
"1.1","Série revisada","Iracema",,,,,,,,,,,,"70358","73691","80328","91526","116766.25","119507.14","R$",1000
"1.1","Série revisada","Irauçuba",,,,,,,,,,,,"84525","106489","110957","124748","142973.28","148556.17","R$",1000
"1.1","Série revisada","Itaiçaba",,,,,,,,,,,,"31075","34073","37920","43681","50873.28","57477.27","R$",1000
"1.1","Série revisada","Itaitinga",,,,,,,,,,,,"200020","242375","279556","352105","435972.42","584901.24","R$",1000
"1.1","Série revisada","Itapajé",,,,,,,,,,,,"594791","715132","383759","450431","521957.58","497261.29","R$",1000
"1.1","Série revisada","Itapipoca",,,,,,,,,,,,"704980","802759","928073","1002563","1197645.56","1190745.91","R$",1000
"1.1","Série revisada","Itapiúna",,,,,,,,,,,,"65208","78965","73321","90332","104732.19","112416.77","R$",1000
"1.1","Série revisada","Itarema",,,,,,,,,,,,"208962","238990","248662","353145","379132.61","394370.97","R$",1000
"1.1","Série revisada","Itatira",,,,,,,,,,,,"75951","98480","66495","92720","107405.25","114043.10","R$",1000
"1.1","Série revisada","Jaguaretama",,,,,,,,,,,,"82526","101150","94279","107965","129820.32","136529.81","R$",1000
"1.1","Série revisada","Jaguaribara",,,,,,,,,,,,"75623","88371","101346","121204","140556.53","140748.87","R$",1000
"1.1","Série revisada","Jaguaribe",,,,,,,,,,,,"235624","280425","309005","347615","419278.46","484989.83","R$",1000
"1.1","Série revisada","Jaguaruana",,,,,,,,,,,,"230189","263215","261369","292202","354774.17","393376.65","R$",1000
"1.1","Série revisada","Jardim",,,,,,,,,,,,"107867","119976","123441","146767","178308.11","171005.38","R$",1000
"1.1","Série revisada","Jati",,,,,,,,,,,,"28975","38678","34018","41041","66419.44","74354.94","R$",1000
"1.1","Série revisada","Jijoca de Jericoacoara",,,,,,,,,,,,"96137","108570","124122","138753","185465.39","216581.17","R$",1000
"1.1","Série revisada","Juazeiro do Norte",,,,,,,,,,,,"2151335","2475504","2829796","3232446","3819081.57","3921628.48","R$",1000
"1.1","Série revisada","Jucás",,,,,,,,,,,,"103169","121840","117542","140205","176396.10","171625.19","R$",1000
"1.1","Série revisada","Lavras da Mangabeira",,,,,,,,,,,,"111666","133456","136970","157668","190142.99","231881.79","R$",1000
"1.1","Série revisada","Limoeiro do Norte",,,,,,,,,,,,"505778","537356","575849","782694","809847.04","815967.00","R$",1000
"1.1","Série revisada","Madalena",,,,,,,,,,,,"74830","93310","86303","90255","113447.95","126081.01","R$",1000
"1.1","Série revisada","Maracanaú",,,,,,,,,,,,"4499790","5005885","5321236","6291122","7029385.97","7893296.29","R$",1000
"1.1","Série revisada","Maranguape",,,,,,,,,,,,"820090","865979","913070","944514","1059587.01","1140244.97","R$",1000
"1.1","Série revisada","Marco",,,,,,,,,,,,"149580","160880","196904","207680","248602.09","261168.55","R$",1000
"1.1","Série revisada","Martinópole",,,,,,,,,,,,"32796","37011","35652","49960","56520.13","62705.64","R$",1000
"1.1","Série revisada","Massapê",,,,,,,,,,,,"120691","137364","143290","165867","196022.55","206293.07","R$",1000
"1.1","Série revisada","Mauriti",,,,,,,,,,,,"187164","286138","249374","251363","316346.71","317906.99","R$",1000
"1.1","Série revisada","Meruoca",,,,,,,,,,,,"47779","56522","59196","66688","72440.60","79828.72","R$",1000
"1.1","Série revisada","Milagres",,,,,,,,,,,,"121563","142915","139412","160552","196253.01","191663.29","R$",1000
"1.1","Série revisada","Milhã",,,,,,,,,,,,"61613","81242","70552","75322","90978.52","90355.02","R$",1000
"1.1","Série revisada","Miraíma",,,,,,,,,,,,"46417","53170","58245","58155","67366.47","72890.84","R$",1000
"1.1","Série revisada","Missão Velha",,,,,,,,,,,,"165701","211897","197752","204972","297139.39","500780.70","R$",1000
"1.1","Série revisada","Mombaça",,,,,,,,,,,,"158758","182363","177151","205153","243906.07","258659.03","R$",1000
"1.1","Série revisada","Monsenhor Tabosa",,,,,,,,,,,,"62577","89662","75250","83661","100418.42","106054.28","R$",1000
"1.1","Série revisada","Morada Nova",,,,,,,,,,,,"409293","436830","479291","629723","639398.84","692521.39","R$",1000
"1.1","Série revisada","Moraújo",,,,,,,,,,,,"29869","33520","34867","40079","67799.45","72561.56","R$",1000
"1.1","Série revisada","Morrinhos",,,,,,,,,,,,"75629","84264","87787","93610","113072.69","125653.86","R$",1000
"1.1","Série revisada","Mucambo",,,,,,,,,,,,"51447","62872","61778","68813","77238.59","82923.09","R$",1000
"1.1","Série revisada","Mulungu",,,,,,,,,,,,"73185","84793","74671","70613","77877.32","87726.55","R$",1000
"1.1","Série revisada","Nova Olinda",,,,,,,,,,,,"68469","81430","81422","96906","121364.21","120661.53","R$",1000
"1.1","Série revisada","Nova Russas",,,,,,,,,,,,"140458","161893","175885","197935","235283.84","246783.51","R$",1000
"1.1","Série revisada","Novo Oriente",,,,,,,,,,,,"97049","152331","116712","136549","170447.32","174442.68","R$",1000
"1.1","Série revisada","Ocara",,,,,,,,,,,,"81931","96180","94733","104261","136287.09","140544.09","R$",1000
"1.1","Série revisada","Orós",,,,,,,,,,,,"115554","125709","139393","144142","171995.19","170129.77","R$",1000
"1.1","Série revisada","Pacajus",,,,,,,,,,,,"602770","697290","721410","778970","929253.46","938848.39","R$",1000
"1.1","Série revisada","Pacatuba",,,,,,,,,,,,"591627","634292","693010","802513","972487.54","939389.78","R$",1000
"1.1","Série revisada","Pacoti",,,,,,,,,,,,"82054","91720","78109","91982","114451.41","99164.51","R$",1000
"1.1","Série revisada","Pacujá",,,,,,,,,,,,"25582","27994","30061","32712","37115.56","40006.90","R$",1000
"1.1","Série revisada","Palhano",,,,,,,,,,,,"38507","43001","42963","52839","63153.77","61815.21","R$",1000
"1.1","Série revisada","Palmácia",,,,,,,,,,,,"60122","69294","61559","58579","89085.23","82681.19","R$",1000
"1.1","Série revisada","Paracuru",,,,,,,,,,,,"252872","295041","342303","370570","425148.73","405318.64","R$",1000
"1.1","Série revisada","Paraipaba",,,,,,,,,,,,"182868","202168","224777","265461","329698.08","355038.05","R$",1000
"1.1","Série revisada","Parambu",,,,,,,,,,,,"118592","142908","130924","149030","175491.84","198312.97","R$",1000
"1.1","Série revisada","Paramoti",,,,,,,,,,,,"47722","62051","51688","72581","66194.36","74562.33","R$",1000
"1.1","Série revisada","Pedra Branca",,,,,,,,,,,,"158422","193924","173651","204011","234579.61","249299.62","R$",1000
"1.1","Série revisada","Penaforte",,,,,,,,,,,,"50236","55887","56729","65997","83519.96","85471.48","R$",1000
"1.1","Série revisada","Pentecoste",,,,,,,,,,,,"200100","250938","389496","350736","314390.67","335075.74","R$",1000
"1.1","Série revisada","Pereiro",,,,,,,,,,,,"61962","73672","72845","83447","99646.66","153928.05","R$",1000
"1.1","Série revisada","Pindoretama",,,,,,,,,,,,"95129","110678","120177","135303","168286.82","185468.07","R$",1000
"1.1","Série revisada","Piquet Carneiro",,,,,,,,,,,,"59641","68466","68499","80284","97901.27","105520.61","R$",1000
"1.1","Série revisada","Pires Ferreira",,,,,,,,,,,,"35918","42326","39600","42663","45775.31","44269.24","R$",1000
"1.1","Série revisada","Poranga",,,,,,,,,,,,"37661","43399","45736","54130","62989.16","66543.49","R$",1000
"1.1","Série revisada","Porteiras",,,,,,,,,,,,"62748","73545","72262","81974","96956.04","106691.87","R$",1000
"1.1","Série revisada","Potengi",,,,,,,,,,,,"43904","52991","55033","66036","87152.31","80665.18","R$",1000
"1.1","Série revisada","Potiretama",,,,,,,,,,,,"25750","31225","28815","32100","39980.25","43372.90","R$",1000
"1.1","Série revisada","Quiterianópolis",,,,,,,,,,,,"71527","101908","102209","101601","139967.46","124291.31","R$",1000
"1.1","Série revisada","Quixadá",,,,,,,,,,,,"576334","625882","681760","733060","821399.49","893557.23","R$",1000
"1.1","Série revisada","Quixelô",,,,,,,,,,,,"73998","84630","84206","90249","108577.34","107218.33","R$",1000
"1.1","Série revisada","Quixeramobim",,,,,,,,,,,,"456018","526957","552448","603448","712912.97","754877.40","R$",1000
"1.1","Série revisada","Quixeré",,,,,,,,,,,,"129073","190764","284425","490581","496721.19","385948.37","R$",1000
"1.1","Série revisada","Redenção",,,,,,,,,,,,"156859","180162","173558","202153","238894.15","268448.30","R$",1000
"1.1","Série revisada","Reriutaba",,,,,,,,,,,,"88318","105551","107941","120055","133606.99","140149.30","R$",1000
"1.1","Série revisada","Russas",,,,,,,,,,,,"575304","651383","732100","777481","886849.49","903467.84","R$",1000
"1.1","Série revisada","Saboeiro",,,,,,,,,,,,"53390","65115","63519","71996","85658.08","86104.61","R$",1000
"1.1","Série revisada","Salitre",,,,,,,,,,,,"57987","76314","73820","92767","116296.52","99260.49","R$",1000
"1.1","Série revisada","Santana do Acaraú",,,,,,,,,,,,"110543","127596","131518","150334","177992.70","184351.69","R$",1000
"1.1","Série revisada","Santana do Cariri",,,,,,,,,,,,"71494","86005","81924","93678","120440.53","107437.89","R$",1000
"1.1","Série revisada","Santa Quitéria",,,,,,,,,,,,"226303","261952","264124","298641","352189.94","366536.76","R$",1000
"1.1","Série revisada","São Benedito",,,,,,,,,,,,"236891","264248","337385","347902","380825.59","378749.23","R$",1000
"1.1","Série revisada","São Gonçalo do Amarante",,,,,,,,,,,,"517967","592282","462603","822595","1444777.80","1851347.32","R$",1000
"1.1","Série revisada","São João do Jaguaribe",,,,,,,,,,,,"52901","48577","54535","72701","74633.96","81892.96","R$",1000
"1.1","Série revisada","São Luís do Curu",,,,,,,,,,,,"56842","65513","67191","74820","87265.09","90560.50","R$",1000
"1.1","Série revisada","Senador Pompeu",,,,,,,,,,,,"136899","180321","166791","214365","244764.13","253285.50","R$",1000
"1.1","Série revisada","Senador Sá",,,,,,,,,,,,"25138","31118","31173","33356","39501.95","40619.94","R$",1000
"1.1","Série revisada","Sobral",,,,,,,,,,,,"2553785","2671208","2987979","3419143","3830449.48","4080275.96","R$",1000
"1.1","Série revisada","Solonópole",,,,,,,,,,,,"77107","90428","85568","102405","118262.44","135684.77","R$",1000
"1.1","Série revisada","Tabuleiro do Norte",,,,,,,,,,,,"180924","190765","200457","232017","267726.94","266927.43","R$",1000
"1.1","Série revisada","Tamboril",,,,,,,,,,,,"98552","125421","115534","126912","156018.40","164086.00","R$",1000
"1.1","Série revisada","Tarrafas",,,,,,,,,,,,"32251","46285","42572","48193","60885.36","55151.40","R$",1000
"1.1","Série revisada","Tauá",,,,,,,,,,,,"272690","342140","337283","390250","493896.04","497433.66","R$",1000
"1.1","Série revisada","Tejuçuoca",,,,,,,,,,,,"51984","62376","66127","73464","88000.37","98928.66","R$",1000
"1.1","Série revisada","Tianguá",,,,,,,,,,,,"472289","536503","542870","681314","844070.34","867093.58","R$",1000
"1.1","Série revisada","Trairi",,,,,,,,,,,,"263843","310705","377447","511212","601091.04","578173.48","R$",1000
"1.1","Série revisada","Tururu",,,,,,,,,,,,"47858","50988","59380","67906","84224.62","91656.93","R$",1000
"1.1","Série revisada","Ubajara",,,,,,,,,,,,"200408","229047","235889","277485","305765.94","336284.47","R$",1000
"1.1","Série revisada","Umari",,,,,,,,,,,,"27089","31914","31733","36236","41272.15","42832.42","R$",1000
"1.1","Série revisada","Umirim",,,,,,,,,,,,"64479","79713","78132","88297","101983.20","109221.09","R$",1000
"1.1","Série revisada","Uruburetama",,,,,,,,,,,,"185497","198259","233848","229445","267728.04","284164.85","R$",1000
"1.1","Série revisada","Uruoca",,,,,,,,,,,,"47276","55792","59636","66012","94154.78","105789.83","R$",1000
"1.1","Série revisada","Varjota",,,,,,,,,,,,"98790","114770","124891","132942","199368.37","151119.98","R$",1000
"1.1","Série revisada","Várzea Alegre",,,,,,,,,,,,"167745","188456","193159","221877","276656.31","280904.07","R$",1000
"1.1","Série revisada","Viçosa do Ceará",,,,,,,,,,,,"220619","246264","246311","291079","338870.47","330777.16","R$",1000
"1.2","Série retropolada","Abaiara",,,,"14098","17657","16808","17153","22869","25383","30985","34757",,,,,,,"R$",1000
"1.2","Série retropolada","Acarape",,,,"31452","32448","33397","33577","36982","42765","50859","56351",,,,,,,"R$",1000
"1.2","Série retropolada","Acaraú",,,,"101584","124068","146593","151979","171739","190070","225541","239320",,,,,,,"R$",1000
"1.2","Série retropolada","Acopiara",,,,"85309","94074","101418","103497","123962","127767","160679","170027",,,,,,,"R$",1000
"1.2","Série retropolada","Aiuaba",,,,"18080","23473","23256","29550","37163","38449","50232","48215",,,,,,,"R$",1000
"1.2","Série retropolada","Alcântaras",,,,"15089","17349","17539","21533","22937","26489","29317","32916",,,,,,,"R$",1000
"1.2","Série retropolada","Altaneira",,,,"9289","10409","11469","12431","15410","17005","20859","22710",,,,,,,"R$",1000
"1.2","Série retropolada","Alto Santo",,,,"57635","35944","38299","40261","45855","55847","68922","77369",,,,,,,"R$",1000
"1.2","Série retropolada","Amontada",,,,"96929","117176","130447","154484","165374","151945","191631","203450",,,,,,,"R$",1000
"1.2","Série retropolada","Antonina do Norte",,,,"11425","13430","14399","16694","21001","20701","26524","26379",,,,,,,"R$",1000
"1.2","Série retropolada","Apuiarés",,,,"17409","19824","21485","26531","30582","31683","38962","42272",,,,,,,"R$",1000
"1.2","Série retropolada","Aquiraz",,,,"253877","272761","322330","344180","371462","408212","528899","615087",,,,,,,"R$",1000
"1.2","Série retropolada","Aracati",,,,"218042","257054","314128","328460","356955","366286","433185","472207",,,,,,,"R$",1000
"1.2","Série retropolada","Aracoiaba",,,,"42888","47535","50677","56749","64130","67604","84135","93793",,,,,,,"R$",1000
"1.2","Série retropolada","Ararendá",,,,"16655","18525","19619","21276","25096","26012","33394","33554",,,,,,,"R$",1000
"1.2","Série retropolada","Araripe",,,,"30101","39224","39441","46583","54970","59195","73651","82196",,,,,,,"R$",1000
"1.2","Série retropolada","Aratuba",,,,"27788","37429","40735","39869","51170","47805","59396","57495",,,,,,,"R$",1000
"1.2","Série retropolada","Arneiroz",,,,"12708","14498","14949","17458","19318","20264","27325","26239",,,,,,,"R$",1000
"1.2","Série retropolada","Assaré",,,,"33507","42933","41651","45162","57430","58517","76253","98667",,,,,,,"R$",1000
"1.2","Série retropolada","Aurora",,,,"44918","58390","48296","55528","69281","65529","87216","96054",,,,,,,"R$",1000
"1.2","Série retropolada","Baixio",,,,"8798","10945","11094","12655","15127","14155","18901","20187",,,,,,,"R$",1000
"1.2","Série retropolada","Banabuiú",,,,"30985","41671","49200","55965","61723","69121","90156","82968",,,,,,,"R$",1000
"1.2","Série retropolada","Barbalha",,,,"152974","153272","167947","183931","220323","237118","298219","354358",,,,,,,"R$",1000
"1.2","Série retropolada","Barreira",,,,"32965","37869","44009","47932","54394","56517","68675","74751",,,,,,,"R$",1000
"1.2","Série retropolada","Barro",,,,"42701","45046","42057","45160","60953","58577","83269","86129",,,,,,,"R$",1000
"1.2","Série retropolada","Barroquinha",,,,"20954","26472","28907","34042","36515","42149","51555","53624",,,,,,,"R$",1000
"1.2","Série retropolada","Baturité",,,,"68525","82242","95228","100430","117248","120013","137319","150184",,,,,,,"R$",1000
"1.2","Série retropolada","Beberibe",,,,"100828","125301","137688","155496","178174","188294","248523","271699",,,,,,,"R$",1000
"1.2","Série retropolada","Bela Cruz",,,,"39464","46996","49942","57048","65468","69121","83178","91637",,,,,,,"R$",1000
"1.2","Série retropolada","Boa Viagem",,,,"96824","113999","111059","122004","145725","146747","201124","191375",,,,,,,"R$",1000
"1.2","Série retropolada","Brejo Santo",,,,"86476","114158","104019","126149","147759","154764","183812","201456",,,,,,,"R$",1000
"1.2","Série retropolada","Camocim",,,,"121862","154432","185335","199006","204821","232357","257645","278019",,,,,,,"R$",1000
"1.2","Série retropolada","Campos Sales",,,,"49422","46709","57215","63716","74543","76450","93158","102335",,,,,,,"R$",1000
"1.2","Série retropolada","Canindé",,,,"151865","166701","182103","199084","228607","236989","321382","301376",,,,,,,"R$",1000
"1.2","Série retropolada","Capistrano",,,,"25671","34175","33171","38577","48350","46163","58144","59423",,,,,,,"R$",1000
"1.2","Série retropolada","Caridade",,,,"41010","36214","35122","34390","41896","43372","60223","59584",,,,,,,"R$",1000
"1.2","Série retropolada","Cariré",,,,"27803","38807","35760","39303","45401","48583","58490","62550",,,,,,,"R$",1000
"1.2","Série retropolada","Caririaçu",,,,"41408","51641","51675","51720","62799","64501","82488","93436",,,,,,,"R$",1000
"1.2","Série retropolada","Cariús",,,,"26154","32253","34809","35490","40323","44143","52930","58150",,,,,,,"R$",1000
"1.2","Série retropolada","Carnaubal",,,,"21481","25762","29397","34385","39827","39612","50434","56951",,,,,,,"R$",1000
"1.2","Série retropolada","Cascavel",,,,"240928","262871","345338","353426","308125","301473","393873","402209",,,,,,,"R$",1000
"1.2","Série retropolada","Catarina",,,,"20361","23375","26817","30714","35209","36232","46135","48392",,,,,,,"R$",1000
"1.2","Série retropolada","Catunda",,,,"16244","18541","17360","20320","27772","25846","36723","36093",,,,,,,"R$",1000
"1.2","Série retropolada","Caucaia",,,,"836958","973170","1113780","1232377","1532514","1751050","2102938","2301594",,,,,,,"R$",1000
"1.2","Série retropolada","Cedro",,,,"38038","47692","50460","54519","64685","65914","80659","92416",,,,,,,"R$",1000
"1.2","Série retropolada","Chaval",,,,"16785","19876","22318","27311","29811","30700","39200","43639",,,,,,,"R$",1000
"1.2","Série retropolada","Choró",,,,"22023","23353","22615","26001","28150","30095","38168","43919",,,,,,,"R$",1000
"1.2","Série retropolada","Chorozinho",,,,"35176","39225","43292","47036","52801","55968","64536","71661",,,,,,,"R$",1000
"1.2","Série retropolada","Coreaú",,,,"28731","34269","35553","48156","47440","50466","64111","72543",,,,,,,"R$",1000
"1.2","Série retropolada","Crateús",,,,"151776","193228","209551","233677","281748","279728","309116","337990",,,,,,,"R$",1000
"1.2","Série retropolada","Crato",,,,"376323","428253","466405","504322","565309","606692","723083","817764",,,,,,,"R$",1000
"1.2","Série retropolada","Croatá",,,,"24884","31168","34644","39333","45337","45879","61193","59920",,,,,,,"R$",1000
"1.2","Série retropolada","Cruz",,,,"36500","40634","43453","51429","60762","62394","79797","83633",,,,,,,"R$",1000
"1.2","Série retropolada","Deputado Irapuan Pinheiro",,,,"15474","17861","18149","21750","24706","24377","34838","34792",,,,,,,"R$",1000
"1.2","Série retropolada","Ererê",,,,"10504","12451","13389","14797","16551","18416","23461","25453",,,,,,,"R$",1000
"1.2","Série retropolada","Eusébio",,,,"441203","456736","586852","634461","713405","833211","1016933","1183720",,,,,,,"R$",1000
"1.2","Série retropolada","Farias Brito",,,,"32132","40526","39703","42531","52233","50783","63661","66439",,,,,,,"R$",1000
"1.2","Série retropolada","Forquilha",,,,"30887","36946","46181","57525","55229","61406","71528","80249",,,,,,,"R$",1000
"1.2","Série retropolada","Fortaleza",,,,"13413450","15224896","17097518","19218898","21686209","24042584","27960812","32059070",,,,,,,"R$",1000
"1.2","Série retropolada","Fortim",,,,"41807","61601","57993","43854","44752","51347","61025","68575",,,,,,,"R$",1000
"1.2","Série retropolada","Frecheirinha",,,,"20860","26122","26828","30132","36585","37888","47301","53612",,,,,,,"R$",1000
"1.2","Série retropolada","General Sampaio",,,,"9373","11557","12222","13008","15184","17536","23016","25230",,,,,,,"R$",1000
"1.2","Série retropolada","Graça",,,,"20925","24770","26843","29790","36518","37353","43196","48404",,,,,,,"R$",1000
"1.2","Série retropolada","Granja",,,,"61403","71813","79504","90711","107909","121254","148594","160284",,,,,,,"R$",1000
"1.2","Série retropolada","Granjeiro",,,,"8100","9609","10196","11273","13346","14830","20175","20672",,,,,,,"R$",1000
"1.2","Série retropolada","Groaíras",,,,"14084","16999","17318","18750","21185","24652","28606","31135",,,,,,,"R$",1000
"1.2","Série retropolada","Guaiúba",,,,"33316","36571","40612","45611","51111","58825","70363","77790",,,,,,,"R$",1000
"1.2","Série retropolada","Guaraciaba do Norte",,,,"68785","88141","98672","109143","131351","142143","177293","167716",,,,,,,"R$",1000
"1.2","Série retropolada","Guaramiranga",,,,"15769","19689","19952","22497","29972","25529","28683","32025",,,,,,,"R$",1000
"1.2","Série retropolada","Hidrolândia",,,,"32392","38074","37610","41025","53927","52617","66001","70978",,,,,,,"R$",1000
"1.2","Série retropolada","Horizonte",,,,"355097","396080","472936","589136","618227","717471","890906","1088360",,,,,,,"R$",1000
"1.2","Série retropolada","Ibaretama",,,,"25209","26523","24491","34519","36980","34589","45892","41140",,,,,,,"R$",1000
"1.2","Série retropolada","Ibiapina",,,,"49171","60861","63943","67339","68779","78739","92830","101758",,,,,,,"R$",1000
"1.2","Série retropolada","Ibicuitinga",,,,"17167","19632","18707","27060","29738","27194","38001","38172",,,,,,,"R$",1000
"1.2","Série retropolada","Icapuí",,,,"55367","71692","70482","85791","104707","106542","123970","123815",,,,,,,"R$",1000
"1.2","Série retropolada","Icó",,,,"105873","128118","138367","159605","188364","200236","231249","251373",,,,,,,"R$",1000
"1.2","Série retropolada","Iguatu",,,,"313965","357782","396687","431185","470144","522663","619658","645869",,,,,,,"R$",1000
"1.2","Série retropolada","Independência",,,,"50015","60571","64649","69641","86022","84987","113470","116389",,,,,,,"R$",1000
"1.2","Série retropolada","Ipaporanga",,,,"18056","22257","19788","22692","26598","25404","31144","32798",,,,,,,"R$",1000
"1.2","Série retropolada","Ipaumirim",,,,"20173","23655","22734","25343","31272","33200","41916","43523",,,,,,,"R$",1000
"1.2","Série retropolada","Ipu",,,,"69515","83647","88489","107038","113787","125728","147114","161478",,,,,,,"R$",1000
"1.2","Série retropolada","Ipueiras",,,,"56477","68429","72479","79511","92112","94627","118879","125492",,,,,,,"R$",1000
"1.2","Série retropolada","Iracema",,,,"23792","28284","31436","34692","38960","46520","55459","64059",,,,,,,"R$",1000
"1.2","Série retropolada","Irauçuba",,,,"31499","35240","37706","45226","52552","56925","71267","79654",,,,,,,"R$",1000
"1.2","Série retropolada","Itaiçaba",,,,"15327","17070","17789","20206","21408","23317","24486","26355",,,,,,,"R$",1000
"1.2","Série retropolada","Itaitinga",,,,"53324","61248","76352","85345","110058","129393","145620","161596",,,,,,,"R$",1000
"1.2","Série retropolada","Itapajé",,,,"165735","194339","220781","242224","249695","229416","326703","331716",,,,,,,"R$",1000
"1.2","Série retropolada","Itapipoca",,,,"292799","329977","395221","401532","478306","482996","560442","590292",,,,,,,"R$",1000
"1.2","Série retropolada","Itapiúna",,,,"24301","29854","28355","35651","42133","45996","57437","56409",,,,,,,"R$",1000
"1.2","Série retropolada","Itarema",,,,"75178","100311","113985","128930","170602","173295","190589","175762",,,,,,,"R$",1000
"1.2","Série retropolada","Itatira",,,,"27245","36135","42434","38372","53057","50649","71750","68793",,,,,,,"R$",1000
"1.2","Série retropolada","Jaguaretama",,,,"40864","47049","45501","52448","61805","60757","74787","80312",,,,,,,"R$",1000
"1.2","Série retropolada","Jaguaribara",,,,"60613","50314","54195","41901","48638","51679","65479","73557",,,,,,,"R$",1000
"1.2","Série retropolada","Jaguaribe",,,,"86449","95300","104122","114118","135179","148685","188728","209061",,,,,,,"R$",1000
"1.2","Série retropolada","Jaguaruana",,,,"84724","102867","126996","137652","154178","176462","206409","234624",,,,,,,"R$",1000
"1.2","Série retropolada","Jardim",,,,"40333","49140","50487","58767","72907","75527","93463","96525",,,,,,,"R$",1000
"1.2","Série retropolada","Jati",,,,"11616","14826","13718","16539","21053","20458","26971","29357",,,,,,,"R$",1000
"1.2","Série retropolada","Jijoca de Jericoacoara",,,,"22207","26760","32565","38866","46439","51895","62698","71878",,,,,,,"R$",1000
"1.2","Série retropolada","Juazeiro do Norte",,,,"639519","720985","812130","907642","1116498","1246312","1423758","1649601",,,,,,,"R$",1000
"1.2","Série retropolada","Jucás",,,,"36890","42964","47075","47354","55609","62640","73313","92863",,,,,,,"R$",1000
"1.2","Série retropolada","Lavras da Mangabeira",,,,"53298","60853","57507","64756","80229","81262","90999","103512",,,,,,,"R$",1000
"1.2","Série retropolada","Limoeiro do Norte",,,,"192762","212958","243220","262062","321847","337324","400853","407333",,,,,,,"R$",1000
"1.2","Série retropolada","Madalena",,,,"36696","37698","34465","39664","52181","50159","68429","63573",,,,,,,"R$",1000
"1.2","Série retropolada","Maracanaú",,,,"1670133","1802231","2152460","2319339","2411696","2748986","3387386","3702590",,,,,,,"R$",1000
"1.2","Série retropolada","Maranguape",,,,"270896","300638","394789","496794","562958","629053","726042","719003",,,,,,,"R$",1000
"1.2","Série retropolada","Marco",,,,"44279","53631","60236","66278","72359","82849","100376","102219",,,,,,,"R$",1000
"1.2","Série retropolada","Martinópole",,,,"11922","13772","14865","16782","18765","19395","25202","28292",,,,,,,"R$",1000
"1.2","Série retropolada","Massapê",,,,"47220","58481","60925","66048","73514","82844","98982","107516",,,,,,,"R$",1000
"1.2","Série retropolada","Mauriti",,,,"79773","93763","95093","96297","139054","151529","183292","196029",,,,,,,"R$",1000
"1.2","Série retropolada","Meruoca",,,,"18012","22485","24373","25386","28971","31850","36338","38599",,,,,,,"R$",1000
"1.2","Série retropolada","Milagres",,,,"56264","69407","55186","61899","81820","80504","94739","109879",,,,,,,"R$",1000
"1.2","Série retropolada","Milhã",,,,"26604","27717","29276","38797","43363","47179","66263","55025",,,,,,,"R$",1000
"1.2","Série retropolada","Miraíma",,,,"15575","17321","19305","21722","24996","27206","36038","39668",,,,,,,"R$",1000
"1.2","Série retropolada","Missão Velha",,,,"53199","62613","62932","72439","118603","125491","152723","185975",,,,,,,"R$",1000
"1.2","Série retropolada","Mombaça",,,,"66385","75743","78381","91961","105127","117666","142879","141210",,,,,,,"R$",1000
"1.2","Série retropolada","Monsenhor Tabosa",,,,"26248","31771","34892","35271","41632","42531","55816","55798",,,,,,,"R$",1000
"1.2","Série retropolada","Morada Nova",,,,"157151","183978","190130","210908","238924","314478","319842","326062",,,,,,,"R$",1000
"1.2","Série retropolada","Moraújo",,,,"10533","13057","13973","18558","20284","19842","23132","25632",,,,,,,"R$",1000
"1.2","Série retropolada","Morrinhos",,,,"26616","31804","34097","37619","43702","46166","56318","66239",,,,,,,"R$",1000
"1.2","Série retropolada","Mucambo",,,,"20132","24048","26182","27974","32061","35502","42489","47257",,,,,,,"R$",1000
"1.2","Série retropolada","Mulungu",,,,"23779","27544","32748","35287","46710","46269","62283","61148",,,,,,,"R$",1000
"1.2","Série retropolada","Nova Olinda",,,,"25246","26198","32353","31981","39205","40527","49022","57532",,,,,,,"R$",1000
"1.2","Série retropolada","Nova Russas",,,,"53575","62740","65249","73981","80171","86304","110381","117994",,,,,,,"R$",1000
"1.2","Série retropolada","Novo Oriente",,,,"51044","51502","54378","59187","78688","72844","93368","84458",,,,,,,"R$",1000
"1.2","Série retropolada","Ocara",,,,"34534","38887","38539","44652","49621","53087","68327","71187",,,,,,,"R$",1000
"1.2","Série retropolada","Orós",,,,"45861","55148","58420","65603","74291","78395","92527","104665",,,,,,,"R$",1000
"1.2","Série retropolada","Pacajus",,,,"334523","357802","433957","414459","408507","417631","491943","547340",,,,,,,"R$",1000
"1.2","Série retropolada","Pacatuba",,,,"176042","186984","212252","228553","378244","395011","480647","497231",,,,,,,"R$",1000
"1.2","Série retropolada","Pacoti",,,,"26040","32213","36943","40037","51003","50516","61833","67819",,,,,,,"R$",1000
"1.2","Série retropolada","Pacujá",,,,"9307","11232","11803","12398","14997","15952","18676","20766",,,,,,,"R$",1000
"1.2","Série retropolada","Palhano",,,,"14061","16473","18647","19192","21260","23861","28838","31820",,,,,,,"R$",1000
"1.2","Série retropolada","Palmácia",,,,"20615","25614","27634","27028","31838","32198","41461","47617",,,,,,,"R$",1000
"1.2","Série retropolada","Paracuru",,,,"112719","132938","144787","180193","181151","175191","225576","207755",,,,,,,"R$",1000
"1.2","Série retropolada","Paraipaba",,,,"52153","63254","75982","94081","116667","137906","132598","131385",,,,,,,"R$",1000
"1.2","Série retropolada","Parambu",,,,"58764","67850","57213","69323","77608","75954","109641","102433",,,,,,,"R$",1000
"1.2","Série retropolada","Paramoti",,,,"16241","19321","21689","23876","32028","31507","40676","40284",,,,,,,"R$",1000
"1.2","Série retropolada","Pedra Branca",,,,"75262","74169","76359","108474","96353","99565","143196","132345",,,,,,,"R$",1000
"1.2","Série retropolada","Penaforte",,,,"11606","14977","13728","16453","21668","22294","27875","31617",,,,,,,"R$",1000
"1.2","Série retropolada","Pentecoste",,,,"56854","61689","68674","80371","101278","105776","132868","160199",,,,,,,"R$",1000
"1.2","Série retropolada","Pereiro",,,,"26850","30470","32568","33117","41385","42750","53596","54511",,,,,,,"R$",1000
"1.2","Série retropolada","Pindoretama",,,,"32611","38384","44150","45492","55557","60719","61050","82770",,,,,,,"R$",1000
"1.2","Série retropolada","Piquet Carneiro",,,,"22431","24574","25713","28567","32856","35873","44764","48045",,,,,,,"R$",1000
"1.2","Série retropolada","Pires Ferreira",,,,"14835","17639","17802","22357","22873","23294","30519","31012",,,,,,,"R$",1000
"1.2","Série retropolada","Poranga",,,,"16018","18042","18788","22173","26031","26586","31763","33995",,,,,,,"R$",1000
"1.2","Série retropolada","Porteiras",,,,"26346","33173","30350","32911","44279","43505","54083","57360",,,,,,,"R$",1000
"1.2","Série retropolada","Potengi",,,,"15985","19751","20436","24215","27775","29247","37174","37894",,,,,,,"R$",1000
"1.2","Série retropolada","Potiretama",,,,"10205","11645","12303","13283","17091","16781","23070","23623",,,,,,,"R$",1000
"1.2","Série retropolada","Quiterianópolis",,,,"35754","34581","35892","45301","48925","47660","60804","61927",,,,,,,"R$",1000
"1.2","Série retropolada","Quixadá",,,,"176492","211174","237367","271909","279191","304731","381749","465456",,,,,,,"R$",1000
"1.2","Série retropolada","Quixelô",,,,"39384","44153","41540","49872","53460","51825","61062","62055",,,,,,,"R$",1000
"1.2","Série retropolada","Quixeramobim",,,,"144831","186104","188380","216081","254760","280432","332829","370805",,,,,,,"R$",1000
"1.2","Série retropolada","Quixeré",,,,"64733","68064","93594","94594","117277","127703","149958","129131",,,,,,,"R$",1000
"1.2","Série retropolada","Redenção",,,,"82941","79859","89213","97849","115993","86650","104837","122510",,,,,,,"R$",1000
"1.2","Série retropolada","Reriutaba",,,,"32726","40638","43134","47561","59506","56282","68179","71835",,,,,,,"R$",1000
"1.2","Série retropolada","Russas",,,,"184345","243561","279646","294540","329608","362600","449685","470387",,,,,,,"R$",1000
"1.2","Série retropolada","Saboeiro",,,,"23861","27126","27110","30616","32243","35374","42511","49410",,,,,,,"R$",1000
"1.2","Série retropolada","Salitre",,,,"22701","29350","27050","30736","38181","41497","59667","57228",,,,,,,"R$",1000
"1.2","Série retropolada","Santana do Acaraú",,,,"46376","50409","51163","60987","70195","76063","90485","96284",,,,,,,"R$",1000
"1.2","Série retropolada","Santana do Cariri",,,,"28953","31977","33164","37917","44037","47331","56194","68325",,,,,,,"R$",1000
"1.2","Série retropolada","Santa Quitéria",,,,"122441","130740","132973","125789","146211","143847","194945","201161",,,,,,,"R$",1000
"1.2","Série retropolada","São Benedito",,,,"81748","96720","106667","115916","130810","152255","183811","196606",,,,,,,"R$",1000
"1.2","Série retropolada","São Gonçalo do Amarante",,,,"75468","98728","114827","134809","162065","209658","248703","294535",,,,,,,"R$",1000
"1.2","Série retropolada","São João do Jaguaribe",,,,"36207","36016","37828","32601","37250","37594","44444","48385",,,,,,,"R$",1000
"1.2","Série retropolada","São Luís do Curu",,,,"19923","21524","24276","29378","34226","34520","42434","47071",,,,,,,"R$",1000
"1.2","Série retropolada","Senador Pompeu",,,,"54500","56928","62515","72574","86330","89430","117197","112974",,,,,,,"R$",1000
"1.2","Série retropolada","Senador Sá",,,,"9051","10067","15593","15633","17049","17328","20678","22857",,,,,,,"R$",1000
"1.2","Série retropolada","Sobral",,,,"981405","1094881","1367901","1527851","1563325","1668681","1864366","2100913",,,,,,,"R$",1000
"1.2","Série retropolada","Solonópole",,,,"31284","34854","38327","45737","52494","51250","71188","72927",,,,,,,"R$",1000
"1.2","Série retropolada","Tabuleiro do Norte",,,,"52036","64111","72632","81301","94571","103506","122865","141869",,,,,,,"R$",1000
"1.2","Série retropolada","Tamboril",,,,"43716","51246","49226","54952","67912","69488","92209","91616",,,,,,,"R$",1000
"1.2","Série retropolada","Tarrafas",,,,"14076","18775","16374","16771","22712","24222","30535","30791",,,,,,,"R$",1000
"1.2","Série retropolada","Tauá",,,,"108267","130911","138335","158922","181505","191049","233452","237004",,,,,,,"R$",1000
"1.2","Série retropolada","Tejuçuoca",,,,"18224","20007","21141","27406","31254","34357","41076","44545",,,,,,,"R$",1000
"1.2","Série retropolada","Tianguá",,,,"165437","196400","214040","242809","280331","286807","358032","362690",,,,,,,"R$",1000
"1.2","Série retropolada","Trairi",,,,"108908","126907","161362","177958","210910","213388","255689","219442",,,,,,,"R$",1000
"1.2","Série retropolada","Tururu",,,,"15631","18205","21272","24710","27427","28736","37293","39791",,,,,,,"R$",1000
"1.2","Série retropolada","Ubajara",,,,"70631","84184","98534","110140","124395","142290","170653","177874",,,,,,,"R$",1000
"1.2","Série retropolada","Umari",,,,"10875","12548","12972","14272","18952","18629","22964","24110",,,,,,,"R$",1000
"1.2","Série retropolada","Umirim",,,,"24109","27645","30821","33672","37992","42991","51982","55680",,,,,,,"R$",1000
"1.2","Série retropolada","Uruburetama",,,,"60528","60859","107867","106364","112011","108840","138305","140919",,,,,,,"R$",1000
"1.2","Série retropolada","Uruoca",,,,"14718","18129","19739","23361","24745","29731","36186","40155",,,,,,,"R$",1000
"1.2","Série retropolada","Varjota",,,,"33205","44897","46444","47935","60202","60949","74122","78585",,,,,,,"R$",1000
"1.2","Série retropolada","Várzea Alegre",,,,"56459","73459","68252","76721","95373","98960","128984","134473",,,,,,,"R$",1000
"1.2","Série retropolada","Viçosa do Ceará",,,,"69049","86705","99491","105981","136367","152980","182613","191670",,,,,,,"R$",1000
"1.3","Série encerrada","Abaiara","10025","11327","11551","12418","15396","16213","16519","20125","22976","29331","33585","35616","40098","39314",,,,"R$",1000
"1.3","Série encerrada","Acarape","26418","29110","29895","30580","31731","33141","32591","37783","41803","50533","57295","57412","81090","80588",,,,"R$",1000
"1.3","Série encerrada","Acaraú","70664","68209","83643","100703","116638","134321","141564","157648","176061","218401","232006","327218","376651","394094",,,,"R$",1000
"1.3","Série encerrada","Acopiara","62878","71419","64515","78579","87137","101079","105507","115572","126516","156563","169175","202778","236257","236047",,,,"R$",1000
"1.3","Série encerrada","Aiuaba","16737","16242","15550","18725","24235","24448","29668","37445","38788","48338","48680","53768","66998","61575",,,,"R$",1000
"1.3","Série encerrada","Alcântaras","8529","9651","12185","14181","16608","18345","20789","24398","25162","29028","32676","37343","43225","43301",,,,"R$",1000
"1.3","Série encerrada","Altaneira","6378","6488","6974","8720","9741","10966","12126","14468","15450","19654","21715","24274","28370","30144",,,,"R$",1000
"1.3","Série encerrada","Alto Santo","33936","32223","32415","38977","38786","41424","37997","45155","52060","65152","72397","76165","83598","78836",,,,"R$",1000
"1.3","Série encerrada","Amontada","51391","61176","67526","82241","99587","111076","126086","144494","132206","174615","153840","244848","298132","326337",,,,"R$",1000
"1.3","Série encerrada","Antonina do Norte","6612","8063","7289","10347","12310","13817","16052","17828","18547","24090","24479","28062","31415","32585",,,,"R$",1000
"1.3","Série encerrada","Apuiarés","13701","14740","15686","18405","21322","23860","28252","31702","33643","42157","44143","51750","58591","58006",,,,"R$",1000
"1.3","Série encerrada","Aquiraz","174824","197470","213232","250231","248667","298221","347545","368052","392870","497878","601089","680582","795551","935351",,,,"R$",1000
"1.3","Série encerrada","Aracati","155056","161168","196786","230527","262029","330939","341617","381465","369276","443745","488662","592624","817691","932020",,,,"R$",1000
"1.3","Série encerrada","Aracoiaba","31551","34628","40203","48526","53939","56029","59313","70239","69704","87487","95631","105363","129880","124081",,,,"R$",1000
"1.3","Série encerrada","Ararendá","14934","15496","16323","16459","19261","20637","22638","27134","27422","34630","35482","38321","44644","43087",,,,"R$",1000
"1.3","Série encerrada","Araripe","23783","23921","29095","31838","51435","44970","48589","59308","67718","82420","84258","88408","97540","89125",,,,"R$",1000
"1.3","Série encerrada","Aratuba","17889","20983","21910","23737","30192","34423","36583","43776","48318","54756","50271","60079","65713","58733",,,,"R$",1000
"1.3","Série encerrada","Arneiroz","10930","11151","11340","14380","16805","17489","19632","22549","22889","30262","29506","33747","38708","36942",,,,"R$",1000
"1.3","Série encerrada","Assaré","24543","25922","25640","29663","38082","39323","42144","50470","52318","68968","76404","86385","102286","98806",,,,"R$",1000
"1.3","Série encerrada","Aurora","31043","32943","31592","39841","50775","45746","52019","63894","65588","81911","89421","96273","116748","108670",,,,"R$",1000
"1.3","Série encerrada","Baixio","8753","8386","8037","9598","11947","12992","14313","16324","16415","21216","22148","24698","28424","27448",,,,"R$",1000
"1.3","Série encerrada","Banabuiú","23386","26302","25236","29242","39711","46391","50790","54975","59746","83380","76058","82250","94871","89606",,,,"R$",1000
"1.3","Série encerrada","Barbalha","103641","111605","130095","140808","143104","166838","183664","211920","237809","292083","353661","444660","498092","504630",,,,"R$",1000
"1.3","Série encerrada","Barreira","29811","30923","33267","37703","43859","48024","49278","57274","59695","70526","75485","86891","98495","97965",,,,"R$",1000
"1.3","Série encerrada","Barro","26116","27597","27335","37262","40479","39698","42986","51470","54595","73636","77054","87637","92185","95707",,,,"R$",1000
"1.3","Série encerrada","Barroquinha","15285","16347","18398","21922","27348","32266","36989","42074","43234","52457","53549","62911","69802","68736",,,,"R$",1000
"1.3","Série encerrada","Baturité","43935","45666","58041","54660","65070","74520","82404","96166","100234","119789","133153","165360","188299","182863",,,,"R$",1000
"1.3","Série encerrada","Beberibe","56842","68579","77125","87922","104262","121195","137914","159859","158852","195010","212948","302614","313386","353712",,,,"R$",1000
"1.3","Série encerrada","Bela Cruz","37911","37093","39878","50146","59320","62950","65621","78813","77203","98379","101703","119375","128141","140949",,,,"R$",1000
"1.3","Série encerrada","Boa Viagem","64187","67681","78999","94805","112269","113948","123122","144283","153207","198611","194712","228952","263947","246908",,,,"R$",1000
"1.3","Série encerrada","Brejo Santo","72434","66365","77123","81648","105382","106540","117740","127489","138404","163669","184788","239635","270750","263574",,,,"R$",1000
"1.3","Série encerrada","Camocim","83978","86931","96711","123258","146151","177540","184258","198489","213420","239877","267008","411864","405222","546072",,,,"R$",1000
"1.3","Série encerrada","Campos Sales","34177","34474","40656","46240","50156","57099","60869","69504","72011","88908","98470","115336","128871","127470",,,,"R$",1000
"1.3","Série encerrada","Canindé","135602","153479","180026","206727","209544","199087","196138","214174","237048","315323","307250","360537","410025","395114",,,,"R$",1000
"1.3","Série encerrada","Capistrano","18611","20756","20299","22578","29044","30640","34957","41584","41496","50859","52955","62808","74695","69449",,,,"R$",1000
"1.3","Série encerrada","Caridade","26160","38184","51587","40822","36199","34821","34298","40160","45035","59627","60414","74085","82400","79136",,,,"R$",1000
"1.3","Série encerrada","Cariré","20862","22344","24895","29567","39085","38201","41852","46411","49667","60853","64844","83565","79029","78743",,,,"R$",1000
"1.3","Série encerrada","Caririaçu","25483","28646","29750","35783","45923","70206","50523","55599","61103","78543","87184","94305","107039","105973",,,,"R$",1000
"1.3","Série encerrada","Cariús","18580","21197","21706","24529","29493","32974","35284","38658","44046","52351","58820","66569","72338","70979",,,,"R$",1000
"1.3","Série encerrada","Carnaubal","17932","19241","19115","21138","25780","30969","32846","39590","42390","55066","65245","71924","85352","82021",,,,"R$",1000
"1.3","Série encerrada","Cascavel","127482","164039","190095","229481","243108","323345","336435","303717","293693","372206","388752","444656","482728","484910",,,,"R$",1000
"1.3","Série encerrada","Catarina","13283","15270","15938","20217","22700","26051","30045","33111","35617","44886","47668","58989","64442","63679",,,,"R$",1000
"1.3","Série encerrada","Catunda","12817","13036","13591","17561","19925","19717","21821","25840","27387","38082","37739","43928","56424","47827",,,,"R$",1000
"1.3","Série encerrada","Caucaia","541300","612225","665919","770866","901027","1085418","1149555","1351617","1471921","1973210","2182801","2854139","3323808","3657134",,,,"R$",1000
"1.3","Série encerrada","Cedro","33595","34230","34191","38654","46849","51369","57801","65006","68533","81781","90816","105609","118006","117037",,,,"R$",1000
"1.3","Série encerrada","Chaval","12896","13808","15625","17996","21231","24882","29414","32610","32300","40453","44236","51724","58456","60728",,,,"R$",1000
"1.3","Série encerrada","Choró","14151","15627","14898","20011","22333","23125","26005","29389","30405","37676","42078","45414","54665","52408",,,,"R$",1000
"1.3","Série encerrada","Chorozinho","27487","29586","32595","36771","39853","48910","49111","59260","57203","71679","78025","89673","99570","89207",,,,"R$",1000
"1.3","Série encerrada","Coreaú","20339","21644","25247","28591","33990","35689","42974","48254","50029","63347","69437","82537","89198","88624",,,,"R$",1000
"1.3","Série encerrada","Crateús","119442","119732","151132","154478","191525","193437","210517","246926","297323","317687","329251","383616","429513","409438",,,,"R$",1000
"1.3","Série encerrada","Crato","246790","277649","297349","337096","380581","439435","471974","492978","538617","654221","943346","932173","1017214","1001915",,,,"R$",1000
"1.3","Série encerrada","Croatá","19101","22833","25055","25374","33044","38203","42545","52520","47774","67733","71461","74350","82974","78373",,,,"R$",1000
"1.3","Série encerrada","Cruz","28162","30396","34044","39358","43464","46774","52245","60141","58763","77698","76877","93220","103199","108419",,,,"R$",1000
"1.3","Série encerrada","Deputado Irapuan Pinheiro","10744","11907","11163","14248","16628","17654","20990","24695","24458","33126","33931","36475","42013","38733",,,,"R$",1000
"1.3","Série encerrada","Ererê","8144","10835","7768","9926","12043","13456","14614","15764","18504","23209","24694","28368","30360","31457",,,,"R$",1000
"1.3","Série encerrada","Eusébio","270109","303431","338677","469745","444823","575618","585324","649461","773241","941606","1110364","1293246","1467093","1407512",,,,"R$",1000
"1.3","Série encerrada","Farias Brito","21878","21905","23183","29808","35947","37506","41507","45915","48051","59642","64327","73320","83585","81091",,,,"R$",1000
"1.3","Série encerrada","Forquilha","21967","23875","26098","31825","37915","50607","61624","62312","67763","77913","85412","97108","105531","107662",,,,"R$",1000
"1.3","Série encerrada","Fortaleza","10390204","11146470","11996572","14348427","16048065","17623128","20060099","22331722","24476378","28769259","31373473","37130892","41978402","43402190",,,,"R$",1000
"1.3","Série encerrada","Fortim","32764","38774","42219","48185","69863","65561","48248","51839","51432","60289","64578","77182","88468","87096",,,,"R$",1000
"1.3","Série encerrada","Frecheirinha","15144","17398","18079","19804","23982","26561","29024","35031","35901","45899","51833","62729","72717","72526",,,,"R$",1000
"1.3","Série encerrada","General Sampaio","7261","7959","7944","9364","11545","12344","13818","17252","19390","25300","25150","28540","32562","32072",,,,"R$",1000
"1.3","Série encerrada","Graça","14234","15064","18411","20947","25201","28402","31728","37815","37557","43498","48741","55261","60202","58854",,,,"R$",1000
"1.3","Série encerrada","Granja","44783","48993","57628","64947","74522","85005","90704","99287","119081","145363","164175","190362","185945","196568",,,,"R$",1000
"1.3","Série encerrada","Granjeiro","5965","6452","6883","7615","9065","9702","10967","12284","13885","18513","19946","19353","21581","22676",,,,"R$",1000
"1.3","Série encerrada","Groaíras","10076","10750","11105","14404","16642","17827","19085","21239","25123","29838","33251","39943","43494","44395",,,,"R$",1000
"1.3","Série encerrada","Guaiúba","20390","23540","26951","30440","34585","39464","43823","53469","60192","73833","82098","102059","108487","107068",,,,"R$",1000
"1.3","Série encerrada","Guaraciaba do Norte","46719","56823","63847","68957","91384","100946","109043","133194","142832","172095","178048","210990","235717","219409",,,,"R$",1000
"1.3","Série encerrada","Guaramiranga","12442","12466","12767","13366","16783","15919","18529","22326","21821","23888","25971","29669","33395","29744",,,,"R$",1000
"1.3","Série encerrada","Hidrolândia","24224","26993","24832","35817","44014","45428","48798","59438","60592","77247","76315","89100","105221","97389",,,,"R$",1000
"1.3","Série encerrada","Horizonte","204933","234426","262047","313615","344467","421949","513511","521358","607348","843406","1053899","1013969","1070426","939562",,,,"R$",1000
"1.3","Série encerrada","Ibaretama","15791","16939","16060","23444","25996","25954","30260","38647","35161","46226","42029","47076","61788","53094",,,,"R$",1000
"1.3","Série encerrada","Ibiapina","42686","52715","50119","58924","81515","86006","87517","104649","111080","132463","279855","143421","168925","152262",,,,"R$",1000
"1.3","Série encerrada","Ibicuitinga","11737","14127","12618","16989","19746","20247","26404","32101","29186","38499","40382","44989","53488","51552",,,,"R$",1000
"1.3","Série encerrada","Icapuí","41238","47353","54731","60578","70934","77586","95452","119645","133731","150934","157077","188536","192245","223096",,,,"R$",1000
"1.3","Série encerrada","Icó","76037","85399","86707","96724","115029","128581","140620","167917","184777","215823","238344","284273","313579","317608",,,,"R$",1000
"1.3","Série encerrada","Iguatu","201866","225522","251862","272960","308738","364614","387761","447737","467469","539250","599955","773417","874987","881128",,,,"R$",1000
"1.3","Série encerrada","Independência","34196","37581","40192","45983","55288","60230","62745","73531","75693","99007","106142","120416","145221","127662",,,,"R$",1000
"1.3","Série encerrada","Ipaporanga","13188","14354","17785","18301","22830","22469","24114","27953","26459","32690","34315","39261","49870","45347",,,,"R$",1000
"1.3","Série encerrada","Ipaumirim","15511","16792","15417","19742","21835","23399","25375","28786","33002","40560","42845","49708","55396","56073",,,,"R$",1000
"1.3","Série encerrada","Ipu","53311","55768","63546","68657","81916","92627","106963","123618","125905","141690","161871","185266","212090","206252",,,,"R$",1000
"1.3","Série encerrada","Ipueiras","39994","46712","50786","56079","68531","75381","82138","93521","103085","126173","135858","153616","176191","170385",,,,"R$",1000
"1.3","Série encerrada","Iracema","18654","21839","19913","23129","27618","32445","35633","39347","46254","55802","62454","71958","75342","78396",,,,"R$",1000
"1.3","Série encerrada","Irauçuba","23199","25875","25901","31784","36317","39239","44447","50290","56079","71141","76482","88016","102761","103580",,,,"R$",1000
"1.3","Série encerrada","Itaiçaba","11655","12490","15557","18108","20462","23550","26563","31198","31516","27340","27901","33685","35443","36013",,,,"R$",1000
"1.3","Série encerrada","Itaitinga","37735","41084","38701","49457","56070","70632","82805","95943","101641","135258","156410","181596","211128","184858",,,,"R$",1000
"1.3","Série encerrada","Itapajé","70787","81819","94597","126321","144824","168343","189243","183499","178728","234548","248986","301058","343087","316789",,,,"R$",1000
"1.3","Série encerrada","Itapipoca","162290","191802","227127","254198","283479","344258","334952","402568","406071","495764","530092","624459","736892","784735",,,,"R$",1000
"1.3","Série encerrada","Itapiúna","18927","20161","20482","23663","28307","30654","37155","43795","47373","59445","57150","67408","80964","75391",,,,"R$",1000
"1.3","Série encerrada","Itarema","53402","54589","62376","68723","93617","103915","112101","152754","154195","171525","162320","205526","239708","235262",,,,"R$",1000
"1.3","Série encerrada","Itatira","22173","24562","22181","28140","38293","40737","40030","49260","52171","73755","66827","73794","92259","75283",,,,"R$",1000
"1.3","Série encerrada","Jaguaretama","31903","35086","34338","43954","51048","51267","56043","62693","67427","82656","82712","89864","105684","96020",,,,"R$",1000
"1.3","Série encerrada","Jaguaribara","16168","19976","20477","31221","31400","42033","34205","36288","34881","46233","49736","56634","62790","67208",,,,"R$",1000
"1.3","Série encerrada","Jaguaribe","67619","72182","81915","87284","100651","110598","114763","136143","150060","185928","204831","223654","264946","271542",,,,"R$",1000
"1.3","Série encerrada","Jaguaruana","56315","62991","67285","79776","89625","105757","117739","145685","146225","184926","209502","232561","238984","215234",,,,"R$",1000
"1.3","Série encerrada","Jardim","26663","27714","31545","36065","43792","48185","53128","61014","66000","83430","91855","102268","107142","110781",,,,"R$",1000
"1.3","Série encerrada","Jati","10319","9848","9041","10961","14084","14280","16364","19079","19877","25968","28889","29726","35468","33919",,,,"R$",1000
"1.3","Série encerrada","Jijoca de Jericoacoara","14478","16462","19393","23043","27053","32072","36544","43688","45269","57979","63947","78089","88098","92611",,,,"R$",1000
"1.3","Série encerrada","Juazeiro do Norte","421153","474629","531172","610318","678099","770443","856517","1095442","1164673","1413194","1587641","1966331","2246464","2354692",,,,"R$",1000
"1.3","Série encerrada","Jucás","25268","28852","31201","35177","40012","44120","48340","53439","60955","70521","87718","99876","114089","107837",,,,"R$",1000
"1.3","Série encerrada","Lavras da Mangabeira","37925","41886","44656","49834","58019","59528","66635","75868","81121","96157","105809","119555","134910","133781",,,,"R$",1000
"1.3","Série encerrada","Limoeiro do Norte","117058","112851","140637","144983","171413","218775","270192","330732","402130","492660","353668","396531","418159","424366",,,,"R$",1000
"1.3","Série encerrada","Madalena","18800","22160","24757","33946","37545","35483","39106","46145","49188","68104","65246","76650","91063","83652",,,,"R$",1000
"1.3","Série encerrada","Maracanaú","1200381","1346162","1406087","1643834","1754204","2151090","2312878","2366431","2607789","3142945","3561350","4146824","4775048","4789878",,,,"R$",1000
"1.3","Série encerrada","Maranguape","184731","202347","224591","257586","281847","384867","466063","532865","578078","646870","640186","752497","801620","823652",,,,"R$",1000
"1.3","Série encerrada","Marco","28773","31640","38691","43557","51446","59273","64635","72107","82149","96870","108341","135689","145309","159531",,,,"R$",1000
"1.3","Série encerrada","Martinópole","8541","9184","11283","12641","14196","16083","16915","18609","20372","26742","30254","35290","40480","38328",,,,"R$",1000
"1.3","Série encerrada","Massapê","31672","35741","43489","48663","61533","67114","73858","91472","95391","113754","118767","132937","150588","150333",,,,"R$",1000
"1.3","Série encerrada","Mauriti","55049","62169","61836","72637","84647","87112","91582","102183","128303","156520","170079","174284","222284","205236",,,,"R$",1000
"1.3","Série encerrada","Meruoca","12798","14013","13543","16968","21302","23603","25068","29874","30138","35672","39825","48835","56588","57177",,,,"R$",1000
"1.3","Série encerrada","Milagres","39019","41117","38183","48230","59818","57295","58813","65631","69329","87618","103905","115652","130645","125140",,,,"R$",1000
"1.3","Série encerrada","Milhã","17399","17954","18428","23492","25345","26833","33602","39052","39242","53755","49257","56014","65264","60089",,,,"R$",1000
"1.3","Série encerrada","Miraíma","12738","13382","12908","16113","17819","19946","21604","24956","26125","34052","37961","44873","50833","53045",,,,"R$",1000
"1.3","Série encerrada","Missão Velha","38638","40594","43540","49840","59519","63932","66359","82107","96152","116089","136206","150034","171104","161191",,,,"R$",1000
"1.3","Série encerrada","Mombaça","50737","52183","55729","64120","73821","79786","90075","101985","106541","139409","142380","158211","174253","165744",,,,"R$",1000
"1.3","Série encerrada","Monsenhor Tabosa","18567","20771","22250","25285","31524","33023","34824","41139","42762","56026","55883","64362","83005","72659",,,,"R$",1000
"1.3","Série encerrada","Morada Nova","123666","125196","124938","148461","170610","188162","193659","234803","265766","321511","349826","381163","445649","415746",,,,"R$",1000
"1.3","Série encerrada","Moraújo","8549","7848","9796","10661","14917","15935","20086","22393","20829","24599","27321","32341","37472","36809",,,,"R$",1000
"1.3","Série encerrada","Morrinhos","21139","22152","22470","28897","41747","38379","39674","45101","48239","60420","68981","79154","89650","89651",,,,"R$",1000
"1.3","Série encerrada","Mucambo","13427","15368","18312","21372","25878","30001","29916","34126","35646","42957","45531","53014","62668","60943",,,,"R$",1000
"1.3","Série encerrada","Mulungu","10967","14765","14822","15304","17599","22412","25897","29186","40737","52791","46753","52589","59384","54964",,,,"R$",1000
"1.3","Série encerrada","Nova Olinda","16736","19631","20296","23589","24831","48088","31120","35992","37695","46372","53576","64417","74782","70527",,,,"R$",1000
"1.3","Série encerrada","Nova Russas","48017","45284","54196","56019","66812","72511","79963","90113","95508","119751","120806","145857","163844","168474",,,,"R$",1000
"1.3","Série encerrada","Novo Oriente","32472","36200","42931","45673","49004","50364","55511","68424","70375","91219","93386","102932","133452","113398",,,,"R$",1000
"1.3","Série encerrada","Ocara","26168","27747","30141","37755","41600","49073","47061","57262","55280","71180","75645","83944","97915","95419",,,,"R$",1000
"1.3","Série encerrada","Orós","35406","38100","38025","43172","49744","49781","60249","69583","73016","85570","91304","105623","115764","116724",,,,"R$",1000
"1.3","Série encerrada","Pacajus","234132","246574","255725","281898","303443","363507","357708","365922","377442","416828","460832","509009","595962","599849",,,,"R$",1000
"1.3","Série encerrada","Pacatuba","90996","133323","159459","175404","180366","212326","214620","362835","364692","457229","476587","562762","640022","650910",,,,"R$",1000
"1.3","Série encerrada","Pacoti","17037","18546","17649","18423","22553","26057","29670","36422","37386","45037","48072","54513","63393","55414",,,,"R$",1000
"1.3","Série encerrada","Pacujá","5698","6666","9089","9647","11792","12622","13298","15930","16196","19038","21235","25867","27340","28689",,,,"R$",1000
"1.3","Série encerrada","Palhano","10122","10640","11594","15344","15350","20676","18641","22406","33377","31096","38896","46577","46591","41982",,,,"R$",1000
"1.3","Série encerrada","Palmácia","12017","13571","14302","14864","17732","18582","19961","23335","24065","32799","34299","43141","49931","47174",,,,"R$",1000
"1.3","Série encerrada","Paracuru","60342","71633","74086","90625","106269","115817","140441","153665","150208","180252","166520","275248","308318","396224",,,,"R$",1000
"1.3","Série encerrada","Paraipaba","41464","45283","47992","53163","65011","72817","88388","111251","114771","127149","140733","170263","200748","199731",,,,"R$",1000
"1.3","Série encerrada","Parambu","37511","39152","44551","54219","63221","59249","72030","87926","77591","108343","103984","120497","132301","128353",,,,"R$",1000
"1.3","Série encerrada","Paramoti","13513","12753","13009","16115","19502","22154","23738","29810","32634","40757","41974","49167","59524","51852",,,,"R$",1000
"1.3","Série encerrada","Pedra Branca","39905","46911","49396","67516","69003","74896","91414","99192","99295","135272","132183","155746","182155","168418",,,,"R$",1000
"1.3","Série encerrada","Penaforte","9986","8879","9176","10659","13356","14039","15631","19090","26345","33080","39606","43665","47937","50033",,,,"R$",1000
"1.3","Série encerrada","Pentecoste","38477","42640","45579","53319","58534","63599","75888","97006","102133","128519","149298","182473","225512","300895",,,,"R$",1000
"1.3","Série encerrada","Pereiro","17324","20055","19323","24091","27904","30417","31280","37057","39523","49850","53559","61951","72064","71232",,,,"R$",1000
"1.3","Série encerrada","Pindoretama","21165","22520","25628","29769","35997","38943","45341","48276","54425","58112","78477","89191","101081","104306",,,,"R$",1000
"1.3","Série encerrada","Piquet Carneiro","15679","17635","17830","22333","25244","27825","30615","34524","37855","47389","51225","60887","68317","66787",,,,"R$",1000
"1.3","Série encerrada","Pires Ferreira","13965","10681","12763","14021","16851","18557","22136","26870","24468","30786","31378","37805","43287","40112",,,,"R$",1000
"1.3","Série encerrada","Poranga","12347","12758","15350","15924","18171","20586","22972","27267","26574","32540","35092","41271","46206","42093",,,,"R$",1000
"1.3","Série encerrada","Porteiras","18470","17810","18606","22612","28756","28292","31142","34743","39221","48632","53113","58683","66874","64790",,,,"R$",1000
"1.3","Série encerrada","Potengi","10488","10321","11145","14058","16895","17966","21071","25752","24775","31787","34222","40115","44189","44070",,,,"R$",1000
"1.3","Série encerrada","Potiretama","8673","10918","8971","11227","12556","14761","14305","17315","18323","24174","25387","28096","32465","30427",,,,"R$",1000
"1.3","Série encerrada","Quiterianópolis","20308","20433","26227","30478","31332","33315","41666","51815","48353","61892","63458","71009","101965","95155",,,,"R$",1000
"1.3","Série encerrada","Quixadá","126398","140944","154472","169405","195914","210647","235316","262607","284369","361839","449811","547604","601435","622866",,,,"R$",1000
"1.3","Série encerrada","Quixelô","24006","24195","34130","32177","37625","39019","43379","54219","46160","54588","56962","66241","77196","57750",,,,"R$",1000
"1.3","Série encerrada","Quixeramobim","99488","113963","120510","133753","169071","197477","211838","254305","278282","325703","348434","426430","479266","466767",,,,"R$",1000
"1.3","Série encerrada","Quixeré","22792","36964","61931","80882","83122","141866","128897","163727","178387","198615","135614","113561","158335","156690",,,,"R$",1000
"1.3","Série encerrada","Redenção","47704","52862","56605","60543","62890","70420","78051","97720","77332","91325","99329","120130","140963","139485",,,,"R$",1000
"1.3","Série encerrada","Reriutaba","23988","26683","31176","32601","39143","44196","47801","56741","54859","65670","70445","85124","98297","94949",,,,"R$",1000
"1.3","Série encerrada","Russas","116529","132363","144203","176751","213110","261185","290900","346242","377099","435379","438673","553473","605176","634363",,,,"R$",1000
"1.3","Série encerrada","Saboeiro","18497","18662","19447","24190","26747","27940","31980","33047","35818","42963","48816","55493","61788","62017",,,,"R$",1000
"1.3","Série encerrada","Salitre","16597","15009","21289","31559","47636","35422","31987","41081","50413","81363","77842","63641","77217","63377",,,,"R$",1000
"1.3","Série encerrada","Santana do Acaraú","34344","38481","41560","50557","59158","62990","68659","84177","88142","105153","108306","126427","139324","137084",,,,"R$",1000
"1.3","Série encerrada","Santana do Cariri","22131","25336","22764","26441","31142","32898","38190","45059","46868","57591","67800","74823","87175","75565",,,,"R$",1000
"1.3","Série encerrada","Santa Quitéria","68931","80296","88440","115264","124383","130432","126715","137111","141112","186944","190520","215573","251511","240212",,,,"R$",1000
"1.3","Série encerrada","São Benedito","51636","61658","63710","77210","95028","108765","116161","142148","152116","184846","203652","236903","273604","266528",,,,"R$",1000
"1.3","Série encerrada","São Gonçalo do Amarante","66162","63379","62642","74233","92918","108314","127802","450961","552886","611545","679220","1240601","1181172","1439817",,,,"R$",1000
"1.3","Série encerrada","São João do Jaguaribe","14879","15475","16478","19348","21528","23537","24732","28381","29859","34099","37193","41131","40658","40462",,,,"R$",1000
"1.3","Série encerrada","São Luís do Curu","14017","14171","16424","19044","21233","24567","29755","37117","37166","45172","48638","56438","68791","68489",,,,"R$",1000
"1.3","Série encerrada","Senador Pompeu","34990","36348","39084","51296","55061","63221","70528","87139","85882","108504","108348","132834","158044","147471",,,,"R$",1000
"1.3","Série encerrada","Senador Sá","6444","6833","8976","9592","12072","15534","17225","22484","20259","23888","26137","27496","34767","33559",,,,"R$",1000
"1.3","Série encerrada","Sobral","696185","764507","845689","942511","1049594","1341838","1489686","1516531","1751595","1715272","1948209","2334817","2416696","2462619",,,,"R$",1000
"1.3","Série encerrada","Solonópole","29866","32660","33150","40451","47699","51456","54455","68957","68014","90849","85577","92669","108204","95472",,,,"R$",1000
"1.3","Série encerrada","Tabuleiro do Norte","45566","47219","49183","51586","64060","72162","81331","95296","100209","122548","136690","169209","180792","179872",,,,"R$",1000
"1.3","Série encerrada","Tamboril","30470","32375","33482","41212","49002","50288","54689","64777","68716","89566","89748","102344","121440","111865",,,,"R$",1000
"1.3","Série encerrada","Tarrafas","8244","8641","10521","11702","15199","14426","14399","18224","19448","25060","26666","30063","36435","35230",,,,"R$",1000
"1.3","Série encerrada","Tauá","74045","77915","88039","103484","124650","136109","158078","185590","193306","235395","241537","278383","323905","314878",,,,"R$",1000
"1.3","Série encerrada","Tejuçuoca","12667","14036","15190","18355","20643","22563","28259","32552","35419","43228","46994","53583","64764","66753",,,,"R$",1000
"1.3","Série encerrada","Tianguá","100573","122598","133449","155832","198101","220880","241589","294709","301989","379095","375056","439844","522230","499292",,,,"R$",1000
"1.3","Série encerrada","Trairi","73178","73392","88522","97969","113699","134675","151193","184179","178654","224541","195051","236002","280816","297617",,,,"R$",1000
"1.3","Série encerrada","Tururu","13317","12777","14121","15949","19942","23059","25569","29941","29895","40918","41088","51871","58120","60839",,,,"R$",1000
"1.3","Série encerrada","Ubajara","42698","54976","48477","60885","76624","87001","95245","111443","127395","153685","174428","193401","222447","184786",,,,"R$",1000
"1.3","Série encerrada","Umari","8939","9317","9463","11150","12984","14681","15699","19669","19730","24076","25435","28878","31485","30371",,,,"R$",1000
"1.3","Série encerrada","Umirim","18459","21413","22117","25445","30087","33716","37801","44152","47896","59595","60957","70730","89035","83934",,,,"R$",1000
"1.3","Série encerrada","Uruburetama","22390","32271","37817","41130","40898","71352","77645","78305","78418","96450","106392","140759","159167","170056",,,,"R$",1000
"1.3","Série encerrada","Uruoca","11112","12509","13828","15343","19187","21129","22778","27366","30555","37651","41682","48383","57124","56592",,,,"R$",1000
"1.3","Série encerrada","Varjota","18814","22942","25268","30831","39443","44978","46270","57438","58556","69939","76740","97044","128732","126333",,,,"R$",1000
"1.3","Série encerrada","Várzea Alegre","43878","47707","45795","52862","66640","69269","76972","90926","98141","125279","133691","160829","181638","176654",,,,"R$",1000
"1.3","Série encerrada","Viçosa do Ceará","46143","52625","54295","63273","79625","96385","105496","127875","145895","176976","188719","213405","241813","231143",,,,"R$",1000

Nota: Os dados da série revisada têm como referência o ano de 2010, seguindo a nova referência das Contas Nacionais
Nota: Os dados de 2015 estarão sujeitos a revisão na próxima divulgação

Fonte: IBGE, em parceria com os Órgãos Estaduais de Estatística, Secretarias Estaduais de Governo e Superintendência da Zona Franca de Manaus - SUFRAMA
